{
  "project_info": {
    "project_number": "208197733798",
    "project_id": "otp-login-with-firebase-ea118",
    "storage_bucket": "otp-login-with-firebase-ea118.appspot.com"
  },
  "client": [
    {
      "client_info": {
        "mobilesdk_app_id": "1:208197733798:android:5439aa5d4228700459d367",
        "android_client_info": {
          "package_name": "com.example.otpusingfirebase"
        }
      },
      "oauth_client": [],
      "api_key": [
        {
          "current_key": "AIzaSyC-5QFuQPw15JqP62cARYQMjHQKYrnTrUo"
        }
      ],
      "services": {
        "appinvite_service": {
          "other_platform_oauth_client": []
        }
      }
    }
  ],
  "configuration_version": "1"
}